id,categoria,servicio,descripcion,requisitos,modalidad,horario,contacto,enlace,palabras_clave
1,Apoyo académico,Tutorías de Matemática,"Sesiones de refuerzo para álgebra, cálculo y estadística dirigidas por docentes y tutores pares.","Estar matriculado y reservar un cupo con 24 horas de anticipación.",Híbrida,"Lunes a viernes de 09:00 a 18:00",tutorias@campusconecta.edu,https://campusconecta.edu/tutorias,"matemática cálculo álgebra estadística refuerzo notas"
2,Apoyo académico,Centro de Escritura,"Asesoría para mejorar informes, ensayos, citas y redacción académica. No redacta trabajos completos por el estudiante.","Enviar el borrador al reservar la cita.",Virtual,"Martes y jueves de 10:00 a 19:00",escritura@campusconecta.edu,https://campusconecta.edu/escritura,"redacción ensayo informe APA citas ortografía"
3,Bienestar,Orientación psicológica,"Atención breve y confidencial para estudiantes que requieren orientación emocional o adaptación universitaria.","Completar el formulario de solicitud. Las emergencias se derivan a servicios especializados.",Presencial y virtual,"Lunes a sábado de 08:00 a 20:00",bienestar@campusconecta.edu,https://campusconecta.edu/bienestar,"psicología bienestar estrés ansiedad adaptación apoyo"
4,Bienestar,Taller de manejo del estrés,"Taller grupal con técnicas de organización, respiración y hábitos de estudio saludables.","Inscripción previa. Cupos limitados.",Presencial,"Miércoles de 16:00 a 17:30",bienestar@campusconecta.edu,https://campusconecta.edu/taller-estres,"estrés organización hábitos estudio taller"
5,Empleabilidad,Revisión de CV,"Retroalimentación personalizada sobre currículum, perfil profesional y presentación de logros.","Subir el CV en formato PDF antes de la sesión.",Virtual,"Lunes y miércoles de 14:00 a 19:00",empleabilidad@campusconecta.edu,https://campusconecta.edu/cv,"currículum CV empleo prácticas perfil profesional"
6,Empleabilidad,Simulación de entrevista,"Entrevista práctica con preguntas por competencias y retroalimentación al finalizar.","Contar con CV actualizado y elegir el puesto objetivo.",Híbrida,"Viernes de 10:00 a 17:00",empleabilidad@campusconecta.edu,https://campusconecta.edu/entrevista,"entrevista trabajo prácticas selección competencias"
7,Empleabilidad,Bolsa de prácticas,"Portal con convocatorias de prácticas preprofesionales y empleos junior de empresas aliadas.","Tener perfil estudiantil completo y datos de contacto actualizados.",Virtual,"Disponible las 24 horas",bolsa@campusconecta.edu,https://campusconecta.edu/bolsa,"prácticas empleo vacantes trabajo empresas"
8,Becas,Beca de excelencia académica,"Descuento parcial para estudiantes con alto rendimiento durante el ciclo anterior.","Promedio ponderado mínimo de 16 y no registrar sanciones disciplinarias.",Virtual,"Convocatoria en enero y julio",becas@campusconecta.edu,https://campusconecta.edu/beca-excelencia,"beca excelencia promedio descuento rendimiento"
9,Becas,Apoyo económico temporal,"Evaluación de ayuda parcial para estudiantes con una dificultad económica imprevista y sustentada.","Presentar solicitud, declaración y documentos de sustento.",Virtual,"Evaluación durante todo el ciclo",becas@campusconecta.edu,https://campusconecta.edu/apoyo-economico,"ayuda económica descuento emergencia pago pensión"
10,Becas,Beca deportiva,"Beneficio para estudiantes que representan oficialmente a la institución en disciplinas reconocidas.","Evaluación deportiva, constancia de representación y rendimiento académico satisfactorio.",Presencial,"Postulación durante las dos primeras semanas del ciclo",deportes@campusconecta.edu,https://campusconecta.edu/beca-deportiva,"deporte beca selección competencia atleta"
11,Tecnología,Préstamo de laptops,"Préstamo temporal de equipos para actividades académicas dentro o fuera del campus.","Documento de identidad, matrícula vigente y aceptación del reglamento de préstamo.",Presencial,"Lunes a sábado de 08:00 a 21:00",soporte@campusconecta.edu,https://campusconecta.edu/laptops,"laptop computadora préstamo equipo tecnología"
12,Tecnología,Soporte de aula virtual,"Ayuda con acceso, contraseña, carga de tareas y visualización de cursos en la plataforma.","Indicar código de estudiante, curso y adjuntar captura del error.",Virtual,"Lunes a domingo de 07:00 a 23:00",soporte@campusconecta.edu,https://campusconecta.edu/soporte,"aula virtual contraseña plataforma tarea acceso error"
13,Tecnología,Licencias de software,"Acceso educativo a herramientas de productividad, programación y análisis de datos.","Correo institucional activo y aceptación de las condiciones de uso.",Virtual,"Disponible las 24 horas",licencias@campusconecta.edu,https://campusconecta.edu/software,"software licencia office programación datos"
14,Biblioteca,Préstamo de libros,"Préstamo de material bibliográfico físico por siete días, con opción de renovación si no existe reserva.","Carné o documento de identidad y no tener sanciones pendientes.",Presencial,"Lunes a sábado de 08:00 a 21:00",biblioteca@campusconecta.edu,https://campusconecta.edu/biblioteca,"libro biblioteca préstamo renovación"
15,Biblioteca,Bases de datos académicas,"Acceso remoto a artículos, revistas y libros electrónicos mediante el correo institucional.","Autenticarse con la cuenta institucional.",Virtual,"Disponible las 24 horas",biblioteca@campusconecta.edu,https://campusconecta.edu/bases-datos,"artículos revistas investigación base de datos tesis"
16,Biblioteca,Asesoría para investigación,"Orientación para buscar fuentes confiables, construir palabras clave y organizar referencias.","Reservar cita e indicar el tema de investigación.",Híbrida,"Martes a sábado de 09:00 a 18:00",investigacion@campusconecta.edu,https://campusconecta.edu/investigacion,"investigación fuentes referencias tesis búsqueda"
17,Idiomas,Club de conversación en inglés,"Práctica grupal de conversación por niveles con temas cotidianos y profesionales.","Realizar una prueba de nivel breve.",Presencial,"Jueves de 17:00 a 18:30",idiomas@campusconecta.edu,https://campusconecta.edu/club-ingles,"inglés conversación idiomas speaking práctica"
18,Idiomas,Preparación para examen internacional,"Programa de preparación con simulacros y retroalimentación para certificaciones de inglés.","Nivel intermedio como mínimo y pago de la tarifa del programa.",Híbrida,"Sábados de 09:00 a 13:00",idiomas@campusconecta.edu,https://campusconecta.edu/certificacion,"inglés examen certificación simulacro internacional"
19,Inclusión,Ajustes académicos razonables,"Coordinación de apoyos para estudiantes con discapacidad o necesidades educativas acreditadas.","Presentar solicitud y documentación de respaldo para evaluación individual.",Híbrida,"Lunes a viernes de 09:00 a 18:00",inclusion@campusconecta.edu,https://campusconecta.edu/inclusion,"inclusión discapacidad accesibilidad ajustes apoyo"
20,Inclusión,Materiales accesibles,"Conversión coordinada de materiales a formatos accesibles según la necesidad evaluada.","Tener un plan de ajustes aprobado y solicitarlo con anticipación.",Virtual,"Lunes a viernes de 09:00 a 18:00",inclusion@campusconecta.edu,https://campusconecta.edu/materiales,"accesible formato lectura inclusión materiales"
21,Trámites,Constancia de estudios,"Emisión digital de constancia con datos de matrícula y periodo académico.","No tener bloqueo administrativo y realizar el pago correspondiente cuando aplique.",Virtual,"Entrega estimada en dos días hábiles",tramites@campusconecta.edu,https://campusconecta.edu/constancia,"constancia estudios documento trámite matrícula"
22,Trámites,Reserva de matrícula,"Solicitud para conservar la condición académica durante un periodo sin cursar asignaturas.","Presentar la solicitud antes del cierre del periodo de matrícula.",Virtual,"Según calendario académico",tramites@campusconecta.edu,https://campusconecta.edu/reserva,"reserva matrícula pausa ciclo trámite"
23,Trámites,Rectificación de nota,"Procedimiento para solicitar revisión cuando existe un posible error de registro de calificación.","Presentar evidencia y solicitud dentro del plazo publicado.",Virtual,"Hasta cinco días hábiles después de publicada la nota",tramites@campusconecta.edu,https://campusconecta.edu/rectificacion,"nota calificación error revisión reclamo"
24,Emprendimiento,Incubadora de proyectos,"Acompañamiento para validar problemas, diseñar propuestas de valor y preparar prototipos.","Postular con una idea o proyecto y participar en la entrevista de selección.",Híbrida,"Convocatorias en marzo y agosto",emprende@campusconecta.edu,https://campusconecta.edu/incubadora,"emprendimiento startup proyecto prototipo negocio"
25,Emprendimiento,Mentorías para negocios,"Sesiones con especialistas en marketing, finanzas, tecnología y ventas.","Tener un proyecto activo y definir el reto que se desea trabajar.",Virtual,"Viernes de 15:00 a 19:00",emprende@campusconecta.edu,https://campusconecta.edu/mentorias,"negocio mentoría marketing finanzas ventas"
26,Deportes,Gimnasio universitario,"Uso de instalaciones deportivas y rutinas generales supervisadas por personal autorizado.","Matrícula vigente, registro de ingreso y cumplimiento del reglamento.",Presencial,"Lunes a sábado de 07:00 a 21:00",deportes@campusconecta.edu,https://campusconecta.edu/gimnasio,"gimnasio deporte actividad física instalaciones"
27,Deportes,Talleres deportivos,"Entrenamientos recreativos de vóley, fútbol, básquet y atletismo.","Inscripción y evaluación básica según la disciplina.",Presencial,"Horarios variables por disciplina",deportes@campusconecta.edu,https://campusconecta.edu/talleres-deportivos,"vóley fútbol básquet atletismo deporte taller"
28,Cultura,Taller de oratoria,"Programa práctico para fortalecer comunicación, estructura del discurso y presencia escénica.","Inscripción previa y asistencia mínima del 80 por ciento.",Presencial,"Martes de 18:00 a 20:00",cultura@campusconecta.edu,https://campusconecta.edu/oratoria,"oratoria comunicación discurso exposición hablar público"
29,Cultura,Voluntariado universitario,"Proyectos de participación social en educación, ambiente y ciudadanía.","Completar inducción y comprometerse con el cronograma del proyecto elegido.",Híbrida,"Convocatorias al inicio de cada ciclo",voluntariado@campusconecta.edu,https://campusconecta.edu/voluntariado,"voluntariado social comunidad ambiente ciudadanía"
30,Movilidad,Intercambio académico,"Orientación y postulación para cursar un periodo en una institución aliada nacional o internacional.","Haber aprobado al menos 40 créditos, promedio mínimo de 14 y no tener sanciones.",Híbrida,"Convocatorias en abril y septiembre",movilidad@campusconecta.edu,https://campusconecta.edu/intercambio,"intercambio viaje universidad créditos internacional"
